-- Active: 1744057336969@@127.0.0.1@3306@fifa_db
INSERT INTO Nationality (NationalityName)
VALUES 
  ('Spain'),
  ('Italy'),
  ('Portugal'),
  ('Sweden'),
  ('Norway'),
  ('Brazil'),
  ('England'),
  ('Belgium'),
  ('Argentina'),
  ('France'),
  ('Mexico'),
  ('Slovenia'),
  ('Denmark'),
  ('Poland'),
  ('Colombia'),
  ('Germany'),
  ('Croatia'),
  ('Slovakia'),
  ('Greece'),
  ('Wales'),
  ('Uruguay'),
  ('Switzerland'),
  ('Bosnia & Herzegovina'),
  ('Netherlands'),
  ('Chile'),
  ('Austria'),
  ('Serbia'),
  ('Hungary'),
  ('Ukraine'),
  ('Gabon'),
  ('Cameroon'),
  ('Finland'),
  ('Ermenia'),
  ('Costa Rica'),
  ('Senegal'),
  ('Russia'),
  ('Ivory Coast'),
  ('DR Congo'),
  ('Korea Republic'),
  ('Algeria'),
  ('Republic of Ireland'),
  ('Central African Rep.'),
  ('Cape Verde'),
  ('Czech Republic'),
  ('Israel'),
  ('Montenegro'),
  ('Venezuela'),
  ('Turkey'),
  ('Morocco'),
  ('Egypt'),
  ('Ghana'),
  ('lbania'),
  ('Scotland'),
  ('Togo'),
  ('Guinea'),
  ('Nigeria'),
  ('Mali'),
  ('United States'),
  ('Kosovo'),
  ('Jamaica'),
  ('Ecuador');

INSERT INTO Team (TeamName)
VALUES 
  ('FC Barcelona'),
  ('Juventus'),
  ('Paris Saint-Germain'),
  ('Liverpool'),
  ('Atlético Madrid'),
  ('Manchester City'),
  ('FC Bayern München'),
  ('Real Madrid'),
  ('Chelsea'),
  ('Tottenham Hotspur'),
  ('Napoli'),
  ('Manchester United'),
  ('Arsenal'),
  ('Inter'),
  ('Lazio'),
  ('Valencia CF'),
  ('Borussia Dortmund'),
  ('RB Leipzig'),
  ('Leicester City'),
  ('Ajax'),
  ('Borussia Mönchengladbach'),
  ('Atalanta'),
  ('Milan'),
  ('Real Betis'),
  ('SL Benfica'),
  ('RC Celta'),
  ('Guangzhou Evergrande Taobao FC'),
  ('Bayer 04 Leverkusen'),
  ('FC Porto'),
  ('Olympique Lyonnais'),
  ('AS Monaco Football Club SA'),
  ('Shanghai SIPG FC'),
  ('Roma'),
  ('Sevilla FC'),
  ('Cagliari'),
  ('Torino'),
  ('Wolverhampton Wanderers'),
  ('Grêmio'),
  ('Atlético Mineiro'),
  ('Real Sociedad'),
  ('Getafe CF'),
  ('TSG 1899 Hoffenheim'),
  ('Eintracht Frankfurt'),
  ('Medipol Basaksehir FK'),
  ('Olympique de Marseille'),
  ('Everton'),
  ('Crystal Palace'),
  ('VfL Wolfsburg'),
  ('Athletic Club'),
  ('Fenerbahçe SK'),
  ('Dalian YiFang FC'),
  ('LAFC'),
  ('Villarreal CF'),
  ('Free Agents'),
  ('SV Werder Bremen'),
  ('Flamengo'),
  ('Palmeiras'),
  ('Cruzeiro'),
  ('Sporting CP'),
  ('Newcastle United'),
  ('LOSC Lille'),
  ('D. Alavés'),
  ('Atlanta United'),
  ('West Ham United'),
  ('Beijing Sinobo Guoan FC'),
  ('Genoa'),
  ('PFC CSKA Moscow'),
  ('Shakhtar Donetsk'),
  ('Galatasaray SK'),
  ('Jiangsu Suning FC'),
  ('AS Saint-Étienne'),
  ('Fiorentina'),
  ('RSC Anderlecht'),
  ('Vissel Kobe'),
  ('Santos'),
  ('Fluminense'),
  ('Levante UD'),
  ('River Plate'),
  ('Montpellier Hérault SC'),
  ('Lokomotiv Moscow'),
  ('Boca Juniors'),
  ('Guangzhou R&F FC'),
  ('Watford'),
  ('Feyenoord'),
  ('R. Valladolid CF'),
  ('Shanghai Greenland Shenhua FC'),
  ('Besiktas JK'),
  ('Brescia'),
  ('Al Nassr'),
  ('Al Hilal'),
  ('Club Brugge KV'),
  ('FC Girondins de Bordeaux'),
  ('Sassuolo'),
  ('Sampdoria'),
  ('Tigres U.A.N.L.'),
  ('Hertha BSC'),
  ('Dynamo Kyiv'),
  ('Dinamo Zagreb'),
  ('RCD Espanyol'),
  ('Stade Rennais FC'),
  ('São Paulo'),
  ('SD Eibar'),
  ('OGC Nice'),
  ('AFC Bournemouth'),
  ('Aston Villa'),
  ('FC Schalke 04'),
  ('Toronto FC'),
  ('Burnley'),
  ('FC Köln');

INSERT INTO `Position` (PositionName)
VALUES 
  ('LM'),
  ('CM'),
  ('CAM'),
  ('GK'),
  ('ST'),
  ('LW'),
  ('CB'),
  ('CDM'),
  ('RB'),
  ('LB'),
  ('CF'),
  ('RM'),
  ('RW'),
  ('LWB'),
  ('RWB');

INSERT INTO Player (PlayerID, Name, NationalityID, Overall, Age, Hits, Potential, TeamID) VALUES
	('158023', 'Lionel Messi', '1', '94', '33', '299', '94', '1'),
	('20801', 'Cristiano Ronaldo', '2', '93', '35', '276', '93', '2'),
	('190871', 'Neymar Jr', '3', '92', '28', '186', '92', '3'),
	('203376', 'Virgil van Dijk', '4', '91', '29', '127', '92', '4'),
	('200389', 'Jan Oblak', '5', '91', '27', '47', '93', '5'),
	('192985', 'Kevin De Bruyne', '6', '91', '29', '119', '91', '6'),
	('188545', 'Robert Lewandowski', '7', '91', '31', '89', '91', '7'),
	('183277', 'Eden Hazard', '6', '91', '29', '66', '91', '8'),
	('212831', 'Alisson', '3', '90', '27', '53', '91', '4'),
	('209331', 'Mohamed Salah', '8', '90', '28', '94', '90', '4'),
	('208722', 'Sadio Mané', '9', '90', '28', '76', '90', '4'),
	('192448', 'Marc-André ter Stegen', '10', '90', '28', '68', '93', '1'),
	('153079', 'Sergio Agüero', '1', '90', '32', '50', '90', '6'),
	('231747', 'Kylian Mbappé', '11', '89', '21', '222', '95', '3'),
	('215914', 'N\'Golo Kanté', '11', '89', '29', '75', '89', '9'),
	('202126', 'Harry Kane', '12', '89', '27', '64', '91', '10'),
	('194765', 'Antoine Griezmann', '11', '89', '29', '66', '89', '1'),
	('182521', 'Toni Kroos', '10', '89', '30', '37', '89', '8'),
	('177003', 'Luka Modric', '13', '89', '34', '31', '89', '8'),
	('176580', 'Luis Suárez', '14', '89', '33', '54', '89', '1'),
	('167495', 'Manuel Neuer', '10', '89', '34', '42', '89', '7'),
	('155862', 'Sergio Ramos', '15', '89', '34', '55', '89', '8'),
	('210257', 'Ederson', '3', '88', '26', '40', '91', '6'),
	('202652', 'Raheem Sterling', '12', '88', '25', '61', '90', '6'),
	('201942', 'Roberto Firmino', '3', '88', '28', '79', '88', '4'),
	('201024', 'Kalidou Koulibaly', '9', '88', '29', '78', '90', '11'),
	('200145', 'Casemiro', '3', '88', '28', '37', '89', '8'),
	('193080', 'De Gea', '15', '88', '29', '39', '88', '12'),
	('192119', 'Thibaut Courtois', '6', '88', '28', '34', '89', '8'),
	('189511', 'Sergio Busquets', '15', '88', '32', '34', '88', '1'),
	('188567', 'Pierre-Emerick Aubameyang', '16', '88', '31', '114', '88', '13'),
	('165153', 'Karim Benzema', '11', '88', '32', '51', '88', '8'),
	('162835', 'Samir Handanovic', '5', '88', '36', '13', '88', '14'),
	('152729', 'Piqué', '15', '88', '33', '41', '88', '1'),
	('138956', 'Giorgio Chiellini', '17', '88', '35', '19', '88', '2'),
	('218667', 'Bernardo Silva', '2', '87', '25', '53', '90', '6'),
	('212622', 'Joshua Kimmich', '10', '87', '25', '82', '90', '7'),
	('212218', 'Aymeric Laporte', '11', '87', '26', '38', '90', '6'),
	('211110', 'Paulo Dybala', '1', '87', '26', '95', '90', '2'),
	('200104', 'Heung Min Son', '18', '87', '28', '75', '87', '10'),
	('199556', 'Marco Verratti', '17', '87', '27', '45', '88', '3'),
	('195864', 'Paul Pogba', '11', '87', '27', '70', '88', '12'),
	('193041', 'Keylor Navas', '19', '87', '33', '28', '87', '3'),
	('192387', 'Ciro Immobile', '17', '87', '30', '130', '87', '15'),
	('190460', 'Christian Eriksen', '20', '87', '28', '48', '87', '14'),
	('189513', 'Parejo', '15', '87', '31', '14', '87', '16'),
	('188350', 'Marco Reus', '10', '87', '31', '42', '87', '17'),
	('186153', 'Wojciech Szczesny', '7', '87', '30', '17', '88', '2'),
	('183898', 'Ángel Di María', '1', '87', '32', '41', '87', '3'),
	('182493', 'Diego Godín', '14', '87', '34', '16', '87', '14'),
	('178603', 'Mats Hummels', '10', '87', '31', '18', '87', '17'),
	('175943', 'Dries Mertens', '6', '87', '33', '34', '87', '11'),
	('168542', 'David Silva', '15', '87', '34', '28', '87', '6'),
	('167948', 'Hugo Lloris', '11', '87', '33', '19', '87', '10'),
	('164240', 'Thiago Silva', '3', '87', '35', '28', '87', '3'),
	('233049', 'Jadon Sancho', '12', '86', '20', '300', '94', '17'),
	('232363', 'Milan Škriniar', '21', '86', '25', '62', '90', '14'),
	('228702', 'Frenkie de Jong', '4', '86', '23', '126', '92', '1'),
	('222492', 'Leroy Sané', '10', '86', '24', '74', '90', '6'),
	('220440', 'Clément Lenglet', '11', '86', '25', '58', '90', '1'),
	('216267', 'Andrew Robertson', '22', '86', '26', '66', '89', '4'),
	('212198', 'Bruno Fernandes', '2', '86', '25', '127', '89', '12'),
	('212188', 'Timo Werner', '10', '86', '24', '136', '89', '18'),
	('209499', 'Fabinho', '3', '86', '26', '44', '88', '4'),
	('208830', 'Jamie Vardy', '12', '86', '33', '43', '86', '19'),
	('208670', 'Hakim Ziyech', '23', '86', '27', '113', '87', '20'),
	('207865', 'Marquinhos', '3', '86', '26', '48', '90', '3'),
	('204485', 'Riyad Mahrez', '24', '86', '29', '40', '86', '6'),
	('201535', 'Raphaël Varane', '11', '86', '27', '39', '89', '8'),
	('201399', 'Mauro Icardi', '1', '86', '27', '47', '87', '3'),
	('198219', 'Lorenzo Insigne', '17', '86', '29', '42', '86', '11'),
	('193747', 'Koke', '15', '86', '28', '15', '86', '5'),
	('192505', 'Romelu Lukaku', '6', '86', '27', '63', '87', '14'),
	('189509', 'Thiago', '15', '86', '29', '47', '86', '7'),
	('189332', 'Jordi Alba', '15', '86', '31', '35', '86', '1'),
	('184344', 'Leonardo Bonucci', '17', '86', '33', '17', '86', '2'),
	('184087', 'Toby Alderweireld', '6', '86', '31', '16', '86', '10'),
	('180206', 'Miralem Pjanic', '25', '86', '30', '31', '86', '2'),
	('179813', 'Edinson Cavani', '14', '86', '33', '26', '86', '3'),
	('177683', 'Yann Sommer', '26', '86', '31', '5', '86', '21'),
	('143076', 'Alejandro Gómez', '1', '86', '32', '49', '86', '22'),
	('235243', 'Matthijs de Ligt', '4', '85', '20', '110', '92', '2'),
	('231866', 'Rodri', '15', '85', '24', '36', '89', '6'),
	('231281', 'Trent Alexander-Arnold', '12', '85', '21', '135', '90', '4'),
	('230658', 'Arthur', '3', '85', '23', '64', '90', '1'),
	('230621', 'Gianluigi Donnarumma', '17', '85', '21', '62', '92', '23'),
	('226753', 'André Onana', '27', '85', '24', '55', '89', '20'),
	('223848', 'Sergej Milinkovic-Savic', '28', '85', '25', '55', '90', '15'),
	('216594', 'Nabil Fekir', '11', '85', '27', '34', '87', '24'),
	('216460', 'José María Giménez', '14', '85', '25', '34', '89', '5'),
	('212190', 'Niklas Süle', '10', '85', '24', '42', '90', '7'),
	('208421', 'Saúl', '15', '85', '25', '39', '89', '5'),
	('206113', 'Serge Gnabry', '10', '85', '25', '79', '87', '7'),
	('205600', 'Samuel Umtiti', '11', '85', '26', '42', '88', '1'),
	('204963', 'Carvajal', '15', '85', '28', '24', '85', '8'),
	('198706', 'Luis Alberto', '15', '85', '27', '27', '86', '15'),
	('198176', 'Stefan de Vrij', '4', '85', '28', '19', '86', '14'),
	('197965', 'Pizzi', '2', '85', '30', '14', '85', '25'),
	('197781', 'Isco', '15', '85', '28', '25', '85', '8'),
	('192629', 'Iago Aspas', '15', '85', '32', '10', '85', '26'),
	('192563', 'Bernd Leno', '10', '85', '28', '30', '87', '13'),
	('189596', 'Thomas Müller', '10', '85', '30', '23', '85', '7'),
	('189242', 'Coutinho', '3', '85', '28', '49', '85', '7'),
	('189117', 'Roman Bürki', '26', '85', '29', '10', '86', '17'),
	('187961', 'Paulinho', '3', '85', '32', '22', '85', '27'),
	('185122', 'Péter Gulácsi', '29', '85', '30', '14', '86', '18'),
	('183711', 'Jordan Henderson', '12', '85', '30', '41', '85', '4'),
	('181291', 'Georginio Wijnaldum', '4', '85', '29', '40', '85', '4'),
	('177413', 'Axel Witsel', '6', '85', '31', '26', '85', '17'),
	('173731', 'Gareth Bale', '30', '85', '31', '69', '85', '8'),
	('172871', 'Jan Vertonghen', '6', '85', '33', '26', '85', '10'),
	('168651', 'Ivan Rakitic', '13', '85', '32', '38', '85', '1'),
	('167664', 'Gonzalo Higuaín', '1', '85', '32', '24', '85', '2'),
	('135507', 'Fernandinho', '3', '85', '35', '14', '85', '6'),
	('41236', 'Zlatan Ibrahimovic', '31', '85', '38', '189', '85', '23'),
	('235790', 'Kai Havertz', '10', '84', '21', '176', '93', '28'),
	('231677', 'Marcus Rashford', '12', '84', '22', '104', '89', '12'),
	('231478', 'Lautaro Martínez', '1', '84', '22', '138', '91', '14'),
	('226790', 'Wilfred Ndidi', '32', '84', '23', '36', '88', '19'),
	('220814', 'Lucas Hernández', '11', '84', '24', '47', '89', '7'),
	('213345', 'Kingsley Coman', '11', '84', '24', '65', '88', '7'),
	('212462', 'Alex Telles', '3', '84', '27', '42', '85', '29'),
	('212194', 'Julian Brandt', '10', '84', '24', '51', '88', '17'),
	('210243', 'Ricardo Pereira', '2', '84', '26', '28', '86', '19'),
	('209989', 'Thomas Partey', '33', '84', '27', '42', '87', '5'),
	('209658', 'Leon Goretzka', '10', '84', '25', '58', '88', '7'),
	('207863', 'Felipe', '3', '84', '31', '19', '84', '5'),
	('207410', 'Mateo Kovacic', '13', '84', '26', '43', '87', '9'),
	('205498', 'Jorginho', '17', '84', '28', '29', '84', '9'),
	('202556', 'Memphis Depay', '4', '84', '26', '75', '87', '30'),
	('200647', 'Josip Ilicic', '5', '84', '32', '41', '84', '22'),
	('199914', 'Allan', '3', '84', '29', '13', '84', '11'),
	('199845', 'Francesco Acerbi', '17', '84', '32', '15', '84', '15'),
	('199482', 'Anthony Lopes', '2', '84', '29', '5', '86', '30'),
	('199451', 'Wissam Ben Yedder', '11', '84', '29', '31', '84', '31'),
	('198710', 'James Rodríguez', '34', '84', '29', '41', '84', '8'),
	('194404', 'Neto', '3', '84', '31', '7', '85', '1'),
	('193474', 'Idrissa Gueye', '9', '84', '30', '30', '84', '3'),
	('193301', 'Alexandre Lacazette', '11', '84', '29', '43', '84', '13'),
	('192774', 'Kostas Manolas', '35', '84', '29', '11', '85', '11'),
	('191043', 'Alex Sandro', '3', '84', '29', '18', '84', '2'),
	('190483', 'Douglas Costa', '3', '84', '29', '24', '84', '2'),
	('190286', 'Canales', '15', '84', '29', '18', '84', '24'),
	('188152', 'Oscar', '3', '84', '28', '25', '84', '32'),
	('186942', 'Ilkay Gündogan', '10', '84', '29', '18', '84', '6'),
	('185020', 'José Callejón', '15', '84', '33', '13', '84', '11'),
	('184432', 'Azpilicueta', '15', '84', '30', '25', '84', '9'),
	('181872', 'Arturo Vidal', '36', '84', '33', '53', '84', '1'),
	('180930', 'Edin Dzeko', '25', '84', '34', '13', '84', '33'),
	('178562', 'Éver Banega', '1', '84', '32', '9', '84', '34'),
	('178518', 'Radja Nainggolan', '6', '84', '32', '19', '84', '35'),
	('176676', 'Marcelo', '3', '84', '32', '22', '84', '8'),
	('176266', 'Lucas Leiva', '3', '84', '33', '10', '84', '15'),
	('170890', 'Blaise Matuidi', '11', '84', '33', '20', '84', '2'),
	('168435', 'Salvatore Sirigu', '17', '84', '33', '6', '84', '36'),
	('162347', 'João Moutinho', '2', '84', '33', '12', '84', '37'),
	('231443', 'Ousmane Dembélé', '11', '83', '23', '82', '90', '1'),
	('230481', 'Ronaldo Cabrais', '3', '83', '28', '22', '83', '38'),
	('230375', 'Josué Chiamulera', '3', '83', '28', '12', '83', '38'),
	('230294', 'Louri Beretta', '3', '83', '28', '15', '83', '39'),
	('230142', 'Oyarzabal', '15', '83', '23', '22', '89', '40'),
	('226271', 'Fabián', '15', '83', '24', '32', '89', '11'),
	('221363', 'Donny van de Beek', '4', '83', '23', '72', '87', '20'),
	('221087', 'Pau López', '15', '83', '25', '12', '88', '33'),
	('217940', 'Dakonam Djené', '37', '83', '28', '6', '84', '41'),
	('216547', 'Rafa', '2', '83', '27', '10', '84', '25'),
	('216354', 'Andrej Kramaric', '13', '83', '29', '10', '83', '42'),
	('216352', 'Marcelo Brozovic', '13', '83', '27', '18', '85', '14'),
	('215333', 'Duván Zapata', '34', '83', '29', '45', '83', '22'),
	('212523', 'Anderson Talisca', '3', '83', '26', '21', '86', '27'),
	('212151', 'Thomas Strakosha', '38', '83', '25', '16', '88', '15'),
	('211300', 'Anthony Martial', '11', '83', '24', '72', '87', '12'),
	('211256', 'Nicolás Tagliafico', '1', '83', '27', '28', '84', '20'),
	('211117', 'Dele Alli', '12', '83', '24', '52', '88', '10'),
	('210413', 'Alessio Romagnoli', '17', '83', '25', '49', '89', '23'),
	('210035', 'Grimaldo', '15', '83', '24', '34', '87', '25'),
	('209889', 'Raphaël Guerreiro', '2', '83', '26', '27', '84', '17'),
	('208808', 'Quincy Promes', '4', '83', '28', '22', '83', '20'),
	('208574', 'Filip Kostic', '28', '83', '27', '16', '83', '43'),
	('208418', 'Yannick Carrasco', '6', '83', '26', '25', '84', '5'),
	('206585', 'Kepa', '15', '83', '25', '60', '87', '9'),
	('205678', 'Edin Višca', '25', '83', '30', '8', '83', '44'),
	('205175', 'Arkadiusz Milik', '7', '83', '26', '25', '86', '11'),
	('205070', 'Portu', '15', '83', '28', '6', '83', '40'),
	('204970', 'Florian Thauvin', '11', '83', '27', '16', '83', '45'),
	('204923', 'Marcel Sabitzer', '39', '83', '26', '20', '85', '18'),
	('204838', 'Raúl Jiménez', '40', '83', '29', '63', '83', '37'),
	('204639', 'Stefan Savic', '41', '83', '29', '12', '84', '5'),
	('203486', 'Thorgan Hazard', '6', '83', '27', '28', '83', '17'),
	('203263', 'Harry Maguire', '12', '83', '27', '48', '86', '12'),
	('201305', 'Gabriel Paulista', '3', '83', '29', '14', '84', '16'),
	('201153', 'Morata', '15', '83', '27', '10', '84', '5'),
	('200458', 'Lucas Digne', '11', '83', '27', '18', '86', '46'),
	('199434', 'Dušan Tadic', '28', '83', '31', '12', '83', '20'),
	('199042', 'Charles Aránguiz', '36', '83', '31', '15', '83', '28'),
	('198950', 'Pablo Sarabia', '15', '83', '28', '33', '84', '3'),
	('198717', 'Wilfried Zaha', '42', '83', '27', '54', '83', '47'),
	('198329', 'Rodrigo', '15', '83', '29', '17', '83', '16'),
	('198141', 'Bartra', '15', '83', '29', '18', '84', '24'),
	('197445', 'David Alaba', '39', '83', '28', '46', '84', '7'),
	('197061', 'Joel Matip', '27', '83', '28', '14', '84', '4'),
	('193082', 'Juan Cuadrado', '34', '83', '32', '21', '83', '2'),
	('192984', 'Koen Casteels', '6', '83', '28', '3', '85', '48'),
	('190941', 'Lukáš Hrádecky', '43', '83', '30', '8', '83', '28'),
	('190815', 'Daley Blind', '4', '83', '30', '20', '83', '20'),
	('189575', 'Muniain', '15', '83', '27', '9', '83', '49'),
	('188943', 'Kevin Trapp', '10', '83', '30', '11', '83', '43'),
	('188377', 'Kyle Walker', '12', '83', '30', '29', '83', '6'),
	('186561', 'Aaron Ramsey', '30', '83', '29', '14', '83', '2'),
	('184200', 'Marko Arnautovic', '39', '83', '31', '9', '83', '32'),
	('183574', 'Max Kruse', '10', '83', '32', '5', '83', '50'),
	('181458', 'Ivan Perišic', '13', '83', '31', '13', '83', '7'),
	('179846', 'Sami Khedira', '10', '83', '33', '19', '83', '2'),
	('178005', 'Rui Patrício', '2', '83', '32', '19', '83', '37'),
	('176635', 'Mesut Özil', '10', '83', '31', '44', '83', '13'),
	('171877', 'Marek Hamšík', '21', '83', '33', '12', '83', '51'),
	('170481', 'Ezequiel Garay', '1', '83', '33', '5', '83', '16'),
	('169416', 'Carlos Vela', '40', '83', '31', '20', '83', '52'),
	('163705', 'Steve Mandanda', '11', '83', '35', '4', '83', '45'),
	('163587', 'Kasper Schmeichel', '20', '83', '33', '41', '83', '19'),
	('157481', 'Raúl Albiol', '15', '83', '34', '7', '83', '53'),
	('146562', 'Santi Cazorla', '15', '83', '35', '22', '83', '53'),
	('1179', 'Gianluigi Buffon', '17', '83', '42', '50', '83', '2'),
	('245313', 'José María Sildero', '14', '82', '28', '17', '82', '54'),
	('245309', 'Egidio Maestre Schetino', '14', '82', '28', '12', '82', '54'),
	('239818', 'Rúben Dias', '2', '82', '23', '35', '88', '25'),
	('239053', 'Federico Valverde', '14', '82', '22', '87', '90', '8'),
	('236583', 'Jirí Pavlenka', '44', '82', '28', '3', '83', '55'),
	('235212', 'Achraf Hakimi', '23', '82', '21', '91', '87', '17'),
	('232432', 'Luka Jovic', '28', '82', '22', '46', '88', '8'),
	('230666', 'Gabriel Jesus', '3', '82', '23', '48', '88', '6'),
	('230430', 'Oswaldinato', '3', '82', '28', '20', '82', '56'),
	('230384', 'Nuno Padrenda', '3', '82', '24', '6', '84', '57'),
	('230258', 'Rosberto Dourado', '3', '82', '20', '13', '82', '39'),
	('230225', 'Juiano Mestres', '3', '82', '24', '6', '82', '58'),
	('230168', 'Raphaelito Anjos', '3', '82', '32', '3', '82', '38'),
	('229880', 'Aaron Wan-Bissaka', '12', '82', '22', '94', '89', '12'),
	('229261', 'Denis Zakaria', '26', '82', '23', '29', '86', '21'),
	('227928', 'Nélson Semedo', '2', '82', '26', '51', '85', '1'),
	('226226', 'Giovani Lo Celso', '1', '82', '24', '31', '87', '10'),
	('226110', 'Nicolas Pépé', '42', '82', '25', '79', '87', '13'),
	('225953', 'Steven Bergwijn', '4', '82', '22', '44', '87', '10'),
	('225850', 'Presnel Kimpembe', '11', '82', '24', '46', '86', '3'),
	('225100', 'Joe Gomez', '12', '82', '23', '66', '89', '4'),
	('224411', 'Gonçalo Guedes', '2', '82', '23', '25', '88', '16'),
	('224334', 'Marcos Acuña', '1', '82', '28', '12', '82', '59'),
	('224293', 'Rúben Neves', '2', '82', '23', '32', '87', '37'),
	('223952', 'David Soria', '15', '82', '27', '5', '84', '41'),
	('222665', 'Martin Ødegaard', '45', '82', '21', '68', '88', '40'),
	('220971', 'Naby Keïta', '46', '82', '25', '20', '86', '4'),
	('220834', 'Marco Asensio', '15', '82', '24', '47', '86', '8'),
	('220793', 'Davinson Sánchez', '34', '82', '24', '23', '85', '10'),
	('220697', 'James Maddison', '12', '82', '23', '64', '87', '19'),
	('220407', 'Martin Dúbravka', '21', '82', '31', '3', '82', '60'),
	('219683', 'Corentin Tolisso', '11', '82', '25', '38', '85', '7'),
	('216409', 'Matteo Politano', '17', '82', '26', '23', '83', '11'),
	('216201', 'Iñaki Williams', '15', '82', '26', '45', '85', '49'),
	('215698', 'Mike Maignan', '11', '82', '25', '18', '86', '61'),
	('214997', 'Ángel Correa', '1', '82', '25', '34', '85', '5'),
	('213565', 'Thomas Lemar', '11', '82', '24', '31', '86', '5'),
	('211591', 'Moussa Dembélé', '11', '82', '24', '23', '86', '30'),
	('210514', 'João Cancelo', '2', '82', '26', '43', '86', '6'),
	('210008', 'Adrien Rabiot', '11', '82', '25', '32', '85', '2'),
	('209960', 'Pacheco', '15', '82', '28', '3', '84', '62'),
	('208596', 'Andrea Belotti', '17', '82', '26', '28', '85', '36'),
	('208333', 'Emre Can', '10', '82', '26', '24', '85', '17'),
	('208093', 'Gerard Moreno', '15', '82', '28', '14', '82', '53'),
	('207877', 'Josef Martínez', '47', '82', '27', '27', '84', '63'),
	('207862', 'Matthias Ginter', '10', '82', '26', '25', '83', '21'),
	('207566', 'William Carvalho', '2', '82', '28', '13', '82', '24'),
	('205693', 'Sébastien Haller', '11', '82', '26', '16', '84', '64'),
	('205452', 'Antonio Rüdiger', '10', '82', '27', '24', '84', '9'),
	('202857', 'Karim Bellarabi', '10', '82', '30', '5', '82', '28'),
	('202166', 'Julian Draxler', '10', '82', '26', '31', '83', '3'),
	('201995', 'Felipe Anderson', '3', '82', '27', '14', '82', '64'),
	('200949', 'Lucas Moura', '3', '82', '27', '25', '82', '10'),
	('200888', 'Danilo Pereira', '2', '82', '28', '9', '82', '29'),
	('200724', 'Nacho Fernández', '15', '82', '30', '13', '82', '8'),
	('200610', 'Kevin Volland', '10', '82', '27', '8', '83', '28'),
	('200454', 'Paco Alcácer', '15', '82', '26', '16', '84', '53'),
	('199987', 'Jasper Cillessen', '4', '82', '31', '15', '82', '16'),
	('199564', 'Sergi Roberto', '15', '82', '28', '28', '82', '1'),
	('198951', 'Cédric Bakambu', '48', '82', '29', '8', '82', '65'),
	('198009', 'Mattia Perin', '17', '82', '27', '12', '84', '66'),
	('195093', 'Willian José', '3', '82', '28', '5', '82', '40'),
	('193698', 'Oliver Baumann', '10', '82', '30', '1', '83', '42'),
	('193525', 'Mário Fernandes', '49', '82', '29', '16', '82', '67'),
	('193283', 'Thomas Delaney', '20', '82', '28', '13', '83', '17'),
	('193165', 'Jesús Corona', '40', '82', '27', '21', '83', '29'),
	('193105', 'Alphonse Areola', '11', '82', '27', '18', '86', '8'),
	('190584', 'Illarramendi', '15', '82', '30', '4', '82', '40'),
	('188803', 'Taison', '3', '82', '32', '11', '82', '68'),
	('185103', 'Aleksandar Kolarov', '28', '82', '34', '14', '82', '33'),
	('184134', 'Fernando', '3', '82', '33', '9', '82', '34'),
	('182494', 'Fernando Muslera', '14', '82', '34', '6', '82', '69'),
	('180403', 'Willian', '3', '82', '31', '53', '82', '9'),
	('179844', 'Diego Costa', '15', '82', '31', '20', '82', '5'),
	('178750', 'Sergio Asenjo', '15', '82', '31', '2', '83', '53'),
	('177610', 'Javi Martínez', '15', '82', '31', '18', '82', '7'),
	('177388', 'Dimitri Payet', '11', '82', '33', '13', '82', '45'),
	('173521', 'Marcano', '15', '82', '33', '2', '82', '29'),
	('169195', 'Renato Augusto', '3', '82', '32', '9', '82', '65'),
	('168609', 'Miranda', '3', '82', '35', '4', '82', '70'),
	('167628', 'Stéphane Ruffier', '11', '82', '33', '1', '82', '71'),
	('167397', 'Falcao', '34', '82', '34', '29', '82', '69'),
	('156616', 'Franck Ribéry', '11', '82', '37', '31', '82', '72'),
	('156519', 'Héctor Herrera', '40', '82', '30', '11', '82', '5'),
	('146536', 'Jesús Navas', '15', '82', '34', '13', '82', '34'),
	('139720', 'Vincent Kompany', '6', '82', '34', '12', '82', '73'),
	('120533', 'Pepe', '2', '82', '37', '14', '82', '29'),
	('41', 'Iniesta', '15', '82', '36', '57', '82', '74'),
	('251700', 'Segundo Mandíquez', '50', '81', '31', '3', '81', '54'),
	('245305', 'Luis Roberto Dálves', '14', '81', '28', '3', '81', '54'),
	('245304', 'Saúl Marcelo Ardero', '14', '81', '32', '0', '81', '54'),
	('245299', 'Jaime Nicolás Frendado', '14', '81', '36', '0', '81', '54'),
	('242348', 'Loren', '15', '81', '26', '3', '84', '24'),
	('240130', 'Éder Militão', '3', '81', '22', '48', '88', '8'),
	('239207', 'Maximiliano Gómez', '14', '81', '23', '13', '87', '16'),
	('236792', 'Tomáš Soucek', '44', '81', '25', '12', '86', '64'),
	('236632', 'David Neres', '3', '81', '23', '45', '86', '20'),
	('235374', 'Manuel Lazzari', '17', '81', '26', '11', '82', '15'),
	('234906', 'Houssem Aouar', '11', '81', '22', '71', '89', '30'),
	('231943', 'Richarlison', '3', '81', '23', '48', '88', '46'),
	('230498', 'Luimo Boas Santos', '3', '81', '20', '22', '81', '75'),
	('230313', 'Tony Abranjes', '3', '81', '32', '1', '81', '57'),
	('230271', 'Laure Santeiro', '3', '81', '20', '7', '81', '76'),
	('229984', 'Ben Chilwell', '12', '81', '23', '46', '85', '19'),
	('229906', 'Leon Bailey', '51', '81', '22', '44', '88', '28'),
	('229668', 'Mario Hermoso', '15', '81', '25', '21', '87', '5'),
	('228618', 'Ferland Mendy', '11', '81', '25', '48', '86', '8'),
	('227536', 'Moussa Marega', '52', '81', '29', '13', '81', '29'),
	('226161', 'Marcos Llorente', '15', '81', '25', '25', '86', '5'),
	('224179', 'Borja Iglesias', '15', '81', '27', '9', '82', '24'),
	('223959', 'Lucas Torreira', '14', '81', '24', '33', '86', '13'),
	('223689', 'Wout Weghorst', '4', '81', '27', '4', '82', '48'),
	('222509', 'Dani Ceballos', '15', '81', '23', '39', '86', '13'),
	('222331', 'Lukas Klostermann', '10', '81', '24', '32', '85', '18'),
	('221660', 'Victor Lindelöf', '31', '81', '26', '36', '85', '12'),
	('216475', 'Morales', '15', '81', '33', '7', '81', '77'),
	('216393', 'Youri Tielemans', '6', '81', '23', '35', '87', '19'),
	('215998', 'Ignacio Fernández', '1', '81', '30', '4', '81', '78'),
	('215330', 'Joaquín Correa', '1', '81', '25', '31', '86', '15'),
	('215316', 'Gerónimo Rulli', '1', '81', '28', '8', '85', '79'),
	('213331', 'Jonathan Tah', '10', '81', '24', '33', '86', '28'),
	('212814', 'João Mário', '2', '81', '27', '10', '82', '80'),
	('212404', 'Federico Bernardeschi', '17', '81', '26', '46', '83', '2'),
	('211990', 'Odisseas Vlachodimos', '35', '81', '26', '10', '86', '25'),
	('211748', 'Kerem Demirbay', '10', '81', '27', '9', '84', '28'),
	('211688', 'Gayà', '15', '81', '25', '18', '86', '16'),
	('211320', 'Daniele Rugani', '17', '81', '26', '26', '84', '2'),
	('210665', 'Marcel Halstenberg', '10', '81', '28', '17', '81', '18'),
	('210406', 'Piotr Zielinski', '7', '81', '26', '17', '85', '11'),
	('208448', 'Emil Forsberg', '31', '81', '28', '10', '81', '18'),
	('205849', 'Esteban Andrada', '1', '81', '29', '7', '82', '81'),
	('205659', 'Alessio Cragno', '17', '81', '26', '8', '87', '35'),
	('205069', 'Juan Bernat', '15', '81', '27', '24', '82', '3'),
	('204935', 'Jordan Pickford', '12', '81', '26', '18', '84', '46'),
	('204525', 'Iñigo Martínez', '15', '81', '29', '10', '82', '49'),
	('204399', 'Eran Zahavi', '53', '81', '33', '0', '81', '82'),
	('204311', 'Kurt Zouma', '11', '81', '25', '56', '84', '9'),
	('204120', 'Tomáš Vaclík', '44', '81', '31', '3', '81', '34'),
	('203574', 'John Stones', '12', '81', '26', '33', '84', '6'),
	('203551', 'Alessandro Florenzi', '17', '81', '29', '11', '81', '16'),
	('202651', 'Suso', '15', '81', '26', '11', '81', '34'),
	('202562', 'Jérôme Roussillon', '11', '81', '27', '10', '82', '48'),
	('202477', 'Deulofeu', '15', '81', '26', '27', '82', '83'),
	('202371', 'Thomas Meunier', '6', '81', '28', '29', '81', '3'),
	('201922', 'Martin Hinteregger', '39', '81', '27', '3', '83', '43'),
	('201455', 'Geoffrey Kondogbia', '54', '81', '27', '17', '82', '16'),
	('201400', 'Rafinha', '3', '81', '27', '21', '82', '26'),
	('201095', 'Agustín Marchesín', '1', '81', '32', '2', '81', '29'),
	('200726', 'Benjamin Lecomte', '11', '81', '29', '8', '83', '31'),
	('200260', 'Steven Berghuis', '4', '81', '28', '3', '81', '84'),
	('199575', 'Jordi Masip', '15', '81', '31', '6', '81', '85'),
	('197655', 'Sebastián Coates', '14', '81', '29', '3', '81', '59'),
	('195365', 'Kevin Kampl', '5', '81', '29', '16', '81', '18'),
	('193348', 'Xherdan Shaqiri', '26', '81', '28', '18', '81', '4'),
	('192883', 'Henrikh Mkhitaryan', '55', '81', '31', '22', '81', '33'),
	('192638', 'Marcos Alonso', '15', '81', '29', '26', '81', '9'),
	('191740', 'Ander Herrera', '15', '81', '30', '16', '81', '3'),
	('190972', 'Eduardo Salvio', '1', '81', '30', '8', '81', '81'),
	('190813', 'Stephan El Shaarawy', '17', '81', '27', '30', '81', '86'),
	('190544', 'Adem Ljajic', '28', '81', '28', '4', '81', '87'),
	('189881', 'Chris Smalling', '12', '81', '30', '31', '81', '33'),
	('189805', 'Luuk de Jong', '4', '81', '29', '12', '81', '34'),
	('189125', 'Giacomo Bonaventura', '17', '81', '30', '13', '81', '23'),
	('188829', 'Nicolas Nkoulou', '27', '81', '30', '5', '81', '36'),
	('187754', 'Marlos', '56', '81', '32', '4', '81', '68'),
	('186627', 'Mario Balotelli', '17', '81', '29', '34', '81', '88'),
	('186345', 'Kieran Trippier', '12', '81', '29', '17', '81', '5'),
	('185221', 'Luiz Gustavo', '3', '81', '33', '4', '81', '50'),
	('184942', 'Giuliano', '3', '81', '30', '3', '81', '89'),
	('184941', 'Alexis Sánchez', '36', '81', '31', '46', '81', '14'),
	('184431', 'Sebastian Giovinco', '17', '81', '33', '14', '81', '90'),
	('183907', 'Jérôme Boateng', '10', '81', '31', '15', '81', '7'),
	('183512', 'Yuri Berchiche', '15', '81', '30', '9', '81', '49'),
	('179944', 'David Luiz', '3', '81', '33', '35', '81', '13'),
	('179645', 'Simon Kjær', '20', '81', '31', '23', '81', '23'),
	('178086', 'Adán', '15', '81', '33', '10', '81', '5'),
	('177458', 'Sven Bender', '10', '81', '31', '10', '81', '28'),
	('177457', 'Lars Bender', '10', '81', '31', '5', '81', '28'),
	('173426', 'Simon Mignolet', '6', '81', '32', '0', '81', '91'),
	('172879', 'Sokratis', '35', '81', '32', '18', '81', '13'),
	('165229', 'Laurent Koscielny', '11', '81', '34', '7', '81', '92'),
	('164835', 'Lukasz Fabianski', '7', '81', '35', '7', '81', '64'),
	('163489', 'Andrea Consigli', '17', '81', '33', '3', '81', '93'),
	('159261', 'Fabio Quagliarella', '17', '81', '37', '5', '81', '94'),
	('159145', 'Bafétimbi Gomis', '11', '81', '34', '7', '81', '90'),
	('153244', 'André-Pierre Gignac', '11', '81', '34', '10', '81', '95'),
	('138412', 'James Milner', '12', '81', '34', '21', '81', '4'),
	('104389', 'Rune Almenning Jarstein', '45', '81', '35', '5', '81', '96'),
	('245308', 'Mauro Evidio Nérez', '14', '80', '32', '4', '80', '54'),
	('245300', 'Matías David Baldona', '14', '80', '36', '4', '80', '54'),
	('245294', 'Jorge Ezequiel Serendero', '14', '80', '32', '1', '80', '54'),
	('245279', 'Reguilón', '15', '80', '23', '44', '87', '34'),
	('244621', 'Vinícius', '3', '80', '25', '20', '85', '25'),
	('244369', 'Viktor Tsygankov', '56', '80', '22', '14', '86', '97'),
	('244260', 'Dani Olmo', '15', '80', '22', '47', '89', '18'),
	('242444', 'João Félix', '2', '80', '20', '133', '93', '5'),
	('241671', 'Dominik Livakovic', '13', '80', '25', '8', '86', '98'),
	('239085', 'Erling Braut Haaland', '45', '80', '20', '371', '90', '17'),
	('236679', 'Melendo', '15', '80', '22', '14', '86', '99'),
	('235569', 'Tanguy Ndombele', '11', '80', '23', '46', '88', '10'),
	('234153', 'Carlos Soler', '15', '80', '23', '15', '86', '16'),
	('233419', 'Raphinha', '3', '80', '23', '8', '85', '100'),
	('232411', 'Christopher Nkunku', '11', '80', '22', '32', '86', '18'),
	('232119', 'Çaglar Söyüncü', '57', '80', '24', '42', '85', '19'),
	('230347', 'Welington Dano', '3', '80', '20', '7', '80', '58'),
	('230256', 'Adryan Zonta', '3', '80', '28', '5', '80', '101'),
	('230234', 'Everton Andrão', '3', '80', '24', '16', '80', '76'),
	('230204', 'Héniton Pires', '3', '80', '24', '1', '82', '56'),
	('229558', 'Dayot Upamecano', '11', '80', '21', '127', '89', '18'),
	('229167', 'Milot Rashica', '58', '80', '24', '30', '86', '55'),
	('228251', 'Lorenzo Pellegrini', '17', '80', '24', '24', '85', '33'),
	('228093', 'Marcus Thuram', '11', '80', '22', '19', '84', '21'),
	('227950', 'Yeray', '15', '80', '25', '11', '84', '49'),
	('227796', 'Christian Pulisic', '59', '80', '21', '139', '86', '9'),
	('227535', 'Rodrigo Bentancur', '14', '80', '23', '62', '87', '2'),
	('227290', 'Marko Dmitrovic', '28', '80', '28', '3', '81', '102'),
	('226851', 'Benjamin Pavard', '11', '80', '24', '65', '85', '7'),
	('225711', 'Abdou Diallo', '11', '80', '24', '13', '84', '3'),
	('225663', 'Alexandr Golovin', '49', '80', '24', '34', '86', '31'),
	('225508', 'Eric Bailly', '42', '80', '26', '31', '83', '12'),
	('225375', 'Konrad Laimer', '39', '80', '23', '20', '85', '18'),
	('225193', 'Merino', '15', '80', '24', '13', '86', '40'),
	('224458', 'Diogo Jota', '2', '80', '23', '32', '86', '37'),
	('224232', 'Nicolò Barella', '17', '80', '23', '46', '88', '14'),
	('224069', 'Karl Toko-Ekambi', '27', '80', '27', '8', '81', '30'),
	('223874', 'Valentin Rongier', '11', '80', '25', '6', '83', '45'),
	('223578', 'Mata', '15', '80', '31', '5', '80', '41'),
	('222400', 'Harry Winks', '12', '80', '24', '22', '85', '10'),
	('221992', 'Hirving Lozano', '40', '80', '24', '69', '84', '11'),
	('220182', 'Jason Denayer', '6', '80', '25', '16', '86', '30'),
	('219985', 'Matias Vecino', '14', '80', '28', '13', '80', '14'),
	('219809', 'Tiemoué Bakayoko', '11', '80', '25', '19', '82', '31'),
	('219693', 'Diego Carlos', '3', '80', '27', '97', '83', '34'),
	('216388', 'Allan Saint-Maximin', '11', '80', '23', '57', '86', '60'),
	('216194', 'Dani García', '15', '80', '30', '4', '80', '49'),
	('216145', 'Armando Izzo', '17', '80', '28', '8', '82', '36'),
	('215223', 'Walter Benítez', '1', '80', '27', '9', '83', '103'),
	('215061', 'Darío Benedetto', '1', '80', '30', '14', '80', '45'),
	('214584', 'Franco Armani', '1', '80', '33', '10', '80', '78'),
	('213874', 'Thiago Mendes', '3', '80', '28', '11', '80', '30'),
	('213661', 'Andreas Christensen', '20', '80', '24', '23', '85', '9'),
	('211575', 'André Gomes', '2', '80', '26', '11', '83', '46'),
	('210896', 'Morgan Sanson', '11', '80', '25', '13', '84', '45'),
	('210513', 'Juan Fernando Quintero', '34', '80', '27', '8', '81', '78'),
	('209297', 'Fred', '3', '80', '27', '34', '82', '12'),
	('208920', 'Nathan Aké', '4', '80', '25', '95', '84', '104'),
	('208618', 'Lucas Vázquez', '15', '80', '29', '16', '80', '8'),
	('208498', 'Munas Dabbur', '53', '80', '28', '6', '80', '42'),
	('208330', 'Adnan Januzaj', '6', '80', '25', '18', '83', '40'),
	('208141', 'Gabriel', '3', '80', '26', '5', '83', '25'),
	('208135', 'Abdoulaye Doucouré', '11', '80', '27', '15', '83', '83'),
	('208128', 'Hakan Çalhanoglu', '57', '80', '26', '34', '81', '23'),
	('207791', 'Yussuf Poulsen', '20', '80', '26', '19', '82', '18'),
	('207471', 'Franco Vázquez', '1', '80', '31', '5', '80', '34'),
	('206517', 'Jack Grealish', '12', '80', '24', '106', '85', '105'),
	('206467', 'Alassane Plea', '11', '80', '27', '11', '81', '21'),
	('206413', 'Taras Stepanenko', '56', '80', '30', '2', '80', '68'),
	('205988', 'Luke Shaw', '12', '80', '25', '34', '82', '12'),
	('205632', 'Lucas Ocampos', '1', '80', '26', '28', '83', '34'),
	('205362', 'Matija Nastasic', '28', '80', '27', '6', '82', '106'),
	('204884', 'Benjamin Mendy', '11', '80', '26', '35', '85', '6'),
	('204638', 'Willi Orban', '29', '80', '27', '11', '82', '18'),
	('203895', 'Pozuelo', '15', '80', '28', '6', '80', '107'),
	('203890', 'Šime Vrsaljko', '13', '80', '28', '8', '80', '5'),
	('203841', 'Nick Pope', '12', '80', '28', '61', '81', '108'),
	('203757', 'Zé Luís', '60', '80', '29', '1', '80', '29'),
	('202935', 'Álvaro', '15', '80', '30', '6', '80', '45'),
	('202750', 'Willy Boly', '11', '80', '29', '5', '80', '37'),
	('202695', 'James Tarkowski', '12', '80', '27', '5', '81', '108'),
	('202685', 'Simone Zaza', '17', '80', '29', '8', '80', '36'),
	('202648', 'Sergi Darder', '15', '80', '26', '4', '83', '99'),
	('201956', 'Salif Sané', '9', '80', '29', '9', '80', '106'),
	('201417', 'Matt Doherty', '61', '80', '28', '4', '80', '37'),
	('201143', 'Aïssa Mandi', '24', '80', '28', '36', '81', '24'),
	('201119', 'Ismaily', '3', '80', '30', '7', '80', '68'),
	('200316', 'Timo Horn', '10', '80', '27', '6', '82', '109');

    INSERT INTO PlayerPosition (PlayerID, PositionID) VALUES
	('41', '1'),
	('41', '2'),
	('41', '3'),
	('1179', '4'),
	('20801', '5'),
	('20801', '6'),
	('41236', '5'),
	('104389', '4'),
	('120533', '7'),
	('135507', '7'),
	('135507', '8'),
	('138412', '9'),
	('138412', '10'),
	('138412', '2'),
	('138956', '7'),
	('139720', '7'),
	('143076', '5'),
	('143076', '3'),
	('143076', '11'),
	('146536', '9'),
	('146536', '12'),
	('146562', '8'),
	('146562', '1'),
	('146562', '2'),
	('152729', '7'),
	('153079', '5'),
	('153244', '5'),
	('153244', '11'),
	('155862', '7'),
	('156519', '2'),
	('156616', '1'),
	('156616', '11'),
	('156616', '6'),
	('157481', '7'),
	('158023', '5'),
	('158023', '11'),
	('158023', '13'),
	('159145', '5'),
	('159261', '5'),
	('162347', '2'),
	('162835', '4'),
	('163489', '4'),
	('163587', '4'),
	('163705', '4'),
	('164240', '7'),
	('164835', '4'),
	('165153', '5'),
	('165153', '11'),
	('165229', '7'),
	('167397', '5'),
	('167495', '4'),
	('167628', '4'),
	('167664', '5'),
	('167948', '4'),
	('168435', '4'),
	('168542', '2'),
	('168542', '3'),
	('168609', '7'),
	('168651', '2'),
	('169195', '1'),
	('169195', '2'),
	('169195', '3'),
	('169416', '3'),
	('169416', '13'),
	('169416', '6'),
	('170481', '7'),
	('170890', '8'),
	('170890', '2'),
	('171877', '8'),
	('171877', '2'),
	('171877', '3'),
	('172871', '10'),
	('172871', '7'),
	('172879', '7'),
	('173426', '4'),
	('173521', '7'),
	('173731', '5'),
	('173731', '13'),
	('173731', '6'),
	('175943', '5'),
	('175943', '11'),
	('176266', '8'),
	('176580', '5'),
	('176635', '3'),
	('176635', '13'),
	('176676', '10'),
	('177003', '2'),
	('177388', '3'),
	('177388', '6'),
	('177413', '8'),
	('177413', '2'),
	('177457', '9'),
	('177457', '8'),
	('177457', '2'),
	('177458', '7'),
	('177458', '8'),
	('177610', '7'),
	('177610', '8'),
	('177683', '4'),
	('178005', '4'),
	('178086', '4'),
	('178518', '2'),
	('178518', '3'),
	('178518', '11'),
	('178562', '8'),
	('178562', '2'),
	('178603', '7'),
	('178750', '4'),
	('179645', '7'),
	('179813', '5'),
	('179844', '5'),
	('179846', '8'),
	('179846', '2'),
	('179944', '7'),
	('180206', '8'),
	('180206', '2'),
	('180403', '12'),
	('180403', '13'),
	('180403', '6'),
	('180930', '5'),
	('181291', '8'),
	('181291', '2'),
	('181458', '1'),
	('181458', '6'),
	('181872', '8'),
	('181872', '2'),
	('181872', '3'),
	('182493', '7'),
	('182494', '4'),
	('182521', '2'),
	('183277', '5'),
	('183277', '6'),
	('183512', '10'),
	('183574', '5'),
	('183574', '3'),
	('183711', '8'),
	('183711', '2'),
	('183898', '13'),
	('183898', '6'),
	('183907', '7'),
	('184087', '7'),
	('184134', '8'),
	('184134', '2'),
	('184200', '5'),
	('184344', '7'),
	('184431', '5'),
	('184431', '3'),
	('184431', '11'),
	('184432', '9'),
	('184432', '10'),
	('184432', '7'),
	('184941', '1'),
	('184941', '6'),
	('184942', '3'),
	('185020', '12'),
	('185020', '13'),
	('185103', '10'),
	('185122', '4'),
	('185221', '7'),
	('185221', '8'),
	('186153', '4'),
	('186345', '9'),
	('186561', '2'),
	('186561', '3'),
	('186627', '5'),
	('186942', '8'),
	('186942', '2'),
	('187754', '12'),
	('187754', '3'),
	('187961', '8'),
	('187961', '2'),
	('187961', '3'),
	('188152', '2'),
	('188152', '3'),
	('188152', '6'),
	('188350', '3'),
	('188350', '11'),
	('188377', '9'),
	('188545', '5'),
	('188567', '5'),
	('188567', '1'),
	('188803', '1'),
	('188803', '3'),
	('188829', '7'),
	('188943', '4'),
	('189117', '4'),
	('189125', '2'),
	('189242', '2'),
	('189242', '3'),
	('189242', '6'),
	('189332', '10'),
	('189509', '8'),
	('189509', '2'),
	('189511', '8'),
	('189513', '2'),
	('189575', '3'),
	('189575', '13'),
	('189575', '6'),
	('189596', '12'),
	('189596', '3'),
	('189596', '13'),
	('189805', '5'),
	('189881', '7'),
	('190286', '1'),
	('190286', '2'),
	('190286', '3'),
	('190460', '12'),
	('190460', '2'),
	('190460', '3'),
	('190483', '1'),
	('190483', '13'),
	('190483', '6'),
	('190544', '3'),
	('190544', '6'),
	('190584', '8'),
	('190584', '2'),
	('190813', '1'),
	('190813', '6'),
	('190815', '10'),
	('190815', '7'),
	('190815', '8'),
	('190871', '3'),
	('190871', '6'),
	('190941', '4'),
	('190972', '12'),
	('190972', '13'),
	('191043', '10'),
	('191043', '1'),
	('191740', '8'),
	('191740', '2'),
	('192119', '4'),
	('192387', '5'),
	('192448', '4'),
	('192505', '5'),
	('192563', '4'),
	('192629', '5'),
	('192629', '13'),
	('192638', '10'),
	('192638', '14'),
	('192638', '6'),
	('192774', '7'),
	('192883', '12'),
	('192883', '3'),
	('192883', '13'),
	('192984', '4'),
	('192985', '2'),
	('192985', '3'),
	('193041', '4'),
	('193080', '4'),
	('193082', '9'),
	('193082', '12'),
	('193082', '13'),
	('193105', '4'),
	('193165', '9'),
	('193165', '12'),
	('193283', '8'),
	('193283', '2'),
	('193301', '5'),
	('193348', '12'),
	('193348', '13'),
	('193474', '8'),
	('193474', '2'),
	('193525', '15'),
	('193525', '12'),
	('193525', '13'),
	('193698', '4'),
	('193747', '12'),
	('193747', '1'),
	('193747', '2'),
	('194404', '4'),
	('194765', '5'),
	('194765', '11'),
	('194765', '6'),
	('195093', '5'),
	('195365', '8'),
	('195365', '2'),
	('195365', '3'),
	('195864', '8'),
	('195864', '2'),
	('197061', '7'),
	('197445', '10'),
	('197445', '7'),
	('197655', '7'),
	('197781', '2'),
	('197781', '3'),
	('197781', '6'),
	('197965', '12'),
	('197965', '2'),
	('198009', '4'),
	('198141', '7'),
	('198141', '8'),
	('198176', '7'),
	('198219', '1'),
	('198219', '11'),
	('198219', '6'),
	('198329', '5'),
	('198706', '2'),
	('198706', '3'),
	('198706', '11'),
	('198710', '12'),
	('198710', '2'),
	('198710', '3'),
	('198717', '1'),
	('198717', '11'),
	('198950', '3'),
	('198950', '13'),
	('198951', '5'),
	('199042', '8'),
	('199042', '2'),
	('199434', '3'),
	('199434', '11'),
	('199434', '6'),
	('199451', '5'),
	('199482', '4'),
	('199556', '8'),
	('199556', '2'),
	('199564', '9'),
	('199564', '2'),
	('199575', '4'),
	('199845', '7'),
	('199914', '2'),
	('199987', '4'),
	('200104', '1'),
	('200104', '11'),
	('200145', '8'),
	('200260', '13'),
	('200316', '4'),
	('200389', '4'),
	('200454', '5'),
	('200458', '10'),
	('200610', '5'),
	('200610', '13'),
	('200610', '6'),
	('200647', '5'),
	('200647', '11'),
	('200724', '9'),
	('200724', '10'),
	('200724', '7'),
	('200726', '4'),
	('200888', '8'),
	('200888', '2'),
	('200949', '12'),
	('200949', '11'),
	('201024', '7'),
	('201095', '4'),
	('201119', '10'),
	('201143', '7'),
	('201153', '5'),
	('201305', '7'),
	('201399', '5'),
	('201400', '12'),
	('201400', '2'),
	('201400', '3'),
	('201417', '15'),
	('201417', '13'),
	('201455', '2'),
	('201535', '7'),
	('201922', '7'),
	('201942', '11'),
	('201956', '7'),
	('201956', '8'),
	('201995', '1'),
	('201995', '3'),
	('202126', '5'),
	('202166', '2'),
	('202166', '3'),
	('202166', '6'),
	('202371', '9'),
	('202371', '12'),
	('202477', '1'),
	('202477', '11'),
	('202556', '3'),
	('202556', '11'),
	('202556', '6'),
	('202562', '10'),
	('202562', '1'),
	('202648', '1'),
	('202648', '2'),
	('202648', '3'),
	('202651', '3'),
	('202651', '13'),
	('202652', '13'),
	('202652', '6'),
	('202685', '5'),
	('202695', '7'),
	('202750', '7'),
	('202857', '12'),
	('202935', '7'),
	('203263', '7'),
	('203376', '7'),
	('203486', '12'),
	('203486', '1'),
	('203486', '11'),
	('203551', '9'),
	('203574', '7'),
	('203757', '5'),
	('203841', '4'),
	('203890', '9'),
	('203895', '3'),
	('203895', '11'),
	('204120', '4'),
	('204311', '7'),
	('204399', '5'),
	('204399', '6'),
	('204485', '12'),
	('204485', '13'),
	('204525', '7'),
	('204638', '7'),
	('204639', '7'),
	('204838', '5'),
	('204884', '10'),
	('204923', '2'),
	('204923', '3'),
	('204935', '4'),
	('204963', '9'),
	('204970', '12'),
	('204970', '13'),
	('205069', '10'),
	('205069', '1'),
	('205070', '12'),
	('205070', '11'),
	('205070', '13'),
	('205175', '5'),
	('205362', '7'),
	('205452', '7'),
	('205498', '8'),
	('205498', '2'),
	('205600', '7'),
	('205632', '13'),
	('205632', '6'),
	('205659', '4'),
	('205678', '12'),
	('205693', '5'),
	('205849', '4'),
	('205988', '10'),
	('206113', '12'),
	('206113', '1'),
	('206113', '13'),
	('206413', '8'),
	('206467', '5'),
	('206467', '6'),
	('206517', '2'),
	('206517', '3'),
	('206517', '6'),
	('206585', '4'),
	('207410', '2'),
	('207471', '1'),
	('207471', '2'),
	('207471', '3'),
	('207566', '8'),
	('207566', '2'),
	('207791', '5'),
	('207862', '7'),
	('207863', '7'),
	('207865', '7'),
	('207865', '8'),
	('207877', '5'),
	('208093', '5'),
	('208093', '12'),
	('208128', '2'),
	('208128', '6'),
	('208135', '8'),
	('208135', '2'),
	('208135', '3'),
	('208141', '8'),
	('208141', '2'),
	('208330', '12'),
	('208330', '13'),
	('208333', '8'),
	('208333', '2'),
	('208418', '1'),
	('208421', '10'),
	('208421', '1'),
	('208421', '2'),
	('208448', '1'),
	('208448', '3'),
	('208498', '5'),
	('208574', '14'),
	('208574', '1'),
	('208574', '6'),
	('208596', '5'),
	('208618', '12'),
	('208618', '13'),
	('208670', '3'),
	('208670', '13'),
	('208722', '6'),
	('208808', '3'),
	('208808', '6'),
	('208830', '5'),
	('208920', '7'),
	('209297', '8'),
	('209297', '2'),
	('209331', '5'),
	('209331', '13'),
	('209499', '8'),
	('209658', '8'),
	('209658', '2'),
	('209658', '3'),
	('209889', '10'),
	('209889', '1'),
	('209889', '2'),
	('209960', '4'),
	('209989', '8'),
	('209989', '2'),
	('210008', '8'),
	('210008', '2'),
	('210035', '10'),
	('210243', '9'),
	('210257', '4'),
	('210406', '1'),
	('210406', '2'),
	('210413', '7'),
	('210513', '3'),
	('210514', '9'),
	('210665', '10'),
	('210665', '14'),
	('210665', '6'),
	('210896', '2'),
	('210896', '3'),
	('211110', '3'),
	('211110', '11'),
	('211117', '2'),
	('211117', '3'),
	('211256', '10'),
	('211300', '5'),
	('211320', '7'),
	('211575', '8'),
	('211575', '2'),
	('211591', '5'),
	('211688', '10'),
	('211748', '2'),
	('211990', '4'),
	('212151', '4'),
	('212188', '5'),
	('212190', '7'),
	('212194', '1'),
	('212194', '2'),
	('212194', '3'),
	('212198', '2'),
	('212198', '3'),
	('212218', '7'),
	('212404', '12'),
	('212404', '3'),
	('212462', '10'),
	('212523', '3'),
	('212523', '13'),
	('212622', '9'),
	('212622', '8'),
	('212622', '2'),
	('212814', '1'),
	('212814', '2'),
	('212814', '3'),
	('212831', '4'),
	('213331', '7'),
	('213345', '12'),
	('213345', '1'),
	('213345', '6'),
	('213565', '12'),
	('213565', '1'),
	('213565', '3'),
	('213661', '7'),
	('213874', '8'),
	('213874', '2'),
	('214584', '4'),
	('214997', '5'),
	('214997', '12'),
	('215061', '5'),
	('215223', '4'),
	('215316', '4'),
	('215330', '5'),
	('215330', '3'),
	('215330', '11'),
	('215333', '5'),
	('215698', '4'),
	('215914', '8'),
	('215914', '2'),
	('215998', '2'),
	('215998', '3'),
	('216145', '7'),
	('216194', '8'),
	('216194', '2'),
	('216201', '5'),
	('216201', '13'),
	('216267', '10'),
	('216352', '8'),
	('216352', '2'),
	('216354', '5'),
	('216354', '3'),
	('216388', '5'),
	('216388', '1'),
	('216388', '6'),
	('216393', '2'),
	('216409', '5'),
	('216409', '12'),
	('216409', '13'),
	('216460', '7'),
	('216475', '5'),
	('216475', '12'),
	('216475', '1'),
	('216547', '12'),
	('216547', '1'),
	('216594', '5'),
	('216594', '12'),
	('216594', '3'),
	('217940', '7'),
	('218667', '2'),
	('218667', '3'),
	('218667', '13'),
	('219683', '8'),
	('219683', '2'),
	('219693', '7'),
	('219809', '8'),
	('219809', '2'),
	('219985', '8'),
	('220182', '7'),
	('220407', '4'),
	('220440', '7'),
	('220697', '2'),
	('220697', '3'),
	('220697', '6'),
	('220793', '7'),
	('220814', '10'),
	('220814', '7'),
	('220834', '13'),
	('220834', '6'),
	('220971', '8'),
	('220971', '2'),
	('221087', '4'),
	('221363', '2'),
	('221363', '3'),
	('221660', '7'),
	('221992', '5'),
	('221992', '13'),
	('221992', '6'),
	('222331', '15'),
	('222331', '9'),
	('222331', '10'),
	('222331', '13'),
	('222400', '8'),
	('222400', '2'),
	('222492', '6'),
	('222509', '2'),
	('222509', '3'),
	('222665', '12'),
	('222665', '2'),
	('222665', '3'),
	('223578', '5'),
	('223689', '5'),
	('223848', '8'),
	('223848', '2'),
	('223848', '3'),
	('223874', '2'),
	('223874', '3'),
	('223952', '4'),
	('223959', '8'),
	('223959', '2'),
	('224069', '5'),
	('224069', '1'),
	('224179', '5'),
	('224232', '2'),
	('224232', '3'),
	('224293', '2'),
	('224334', '10'),
	('224334', '6'),
	('224411', '5'),
	('224411', '1'),
	('224458', '11'),
	('224458', '6'),
	('225100', '9'),
	('225100', '7'),
	('225193', '2'),
	('225375', '9'),
	('225375', '8'),
	('225375', '2'),
	('225508', '7'),
	('225663', '2'),
	('225663', '3'),
	('225711', '10'),
	('225711', '7'),
	('225850', '7'),
	('225953', '3'),
	('225953', '13'),
	('225953', '6'),
	('226110', '12'),
	('226110', '13'),
	('226161', '8'),
	('226161', '2'),
	('226226', '2'),
	('226226', '3'),
	('226271', '2'),
	('226753', '4'),
	('226790', '8'),
	('226790', '2'),
	('226851', '9'),
	('226851', '7'),
	('227290', '4'),
	('227535', '2'),
	('227536', '5'),
	('227536', '12'),
	('227796', '1'),
	('227796', '13'),
	('227796', '6'),
	('227928', '9'),
	('227950', '7'),
	('228093', '5'),
	('228093', '6'),
	('228251', '8'),
	('228251', '2'),
	('228251', '3'),
	('228618', '10'),
	('228702', '2'),
	('229167', '11'),
	('229167', '13'),
	('229167', '6'),
	('229261', '7'),
	('229261', '8'),
	('229261', '2'),
	('229558', '7'),
	('229668', '7'),
	('229880', '15'),
	('229880', '9'),
	('229880', '13'),
	('229906', '12'),
	('229906', '1'),
	('229984', '10'),
	('230142', '13'),
	('230142', '6'),
	('230168', '4'),
	('230204', '4'),
	('230225', '7'),
	('230225', '8'),
	('230234', '8'),
	('230234', '2'),
	('230256', '10'),
	('230256', '14'),
	('230256', '6'),
	('230258', '8'),
	('230258', '2'),
	('230258', '3'),
	('230271', '1'),
	('230271', '3'),
	('230271', '6'),
	('230294', '5'),
	('230294', '11'),
	('230313', '7'),
	('230347', '10'),
	('230347', '1'),
	('230375', '7'),
	('230384', '5'),
	('230384', '3'),
	('230384', '11'),
	('230430', '5'),
	('230481', '3'),
	('230481', '13'),
	('230498', '5'),
	('230621', '4'),
	('230658', '2'),
	('230666', '5'),
	('231281', '9'),
	('231443', '13'),
	('231443', '6'),
	('231478', '5'),
	('231677', '5'),
	('231677', '1'),
	('231747', '5'),
	('231747', '13'),
	('231747', '6'),
	('231866', '8'),
	('231866', '2'),
	('231943', '5'),
	('231943', '12'),
	('231943', '1'),
	('232119', '7'),
	('232363', '7'),
	('232411', '5'),
	('232411', '2'),
	('232411', '3'),
	('232432', '5'),
	('233049', '12'),
	('233049', '1'),
	('233049', '3'),
	('233419', '12'),
	('233419', '13'),
	('234153', '12'),
	('234153', '1'),
	('234153', '2'),
	('234906', '1'),
	('234906', '2'),
	('235212', '9'),
	('235212', '10'),
	('235212', '12'),
	('235243', '7'),
	('235374', '12'),
	('235569', '8'),
	('235569', '2'),
	('235790', '12'),
	('235790', '3'),
	('236583', '4'),
	('236632', '3'),
	('236632', '13'),
	('236679', '12'),
	('236679', '2'),
	('236792', '8'),
	('236792', '2'),
	('239053', '8'),
	('239053', '2'),
	('239085', '5'),
	('239207', '5'),
	('239818', '7'),
	('240130', '9'),
	('240130', '7'),
	('241671', '4'),
	('242348', '5'),
	('242444', '5'),
	('242444', '1'),
	('242444', '11'),
	('244260', '12'),
	('244260', '1'),
	('244260', '3'),
	('244369', '12'),
	('244369', '1'),
	('244621', '5'),
	('245279', '10'),
	('245279', '1'),
	('245294', '4'),
	('245299', '7'),
	('245299', '8'),
	('245300', '8'),
	('245300', '2'),
	('245304', '1'),
	('245304', '3'),
	('245304', '6'),
	('245305', '5'),
	('245305', '11'),
	('245308', '10'),
	('245308', '1'),
	('245309', '7'),
	('245313', '12'),
	('245313', '3'),
	('251700', '5');